{
  "project_info": {
    "project_number": "655974184199",
    "firebase_url": "https://iotequipo5.firebaseio.com",
    "project_id": "iotequipo5",
    "storage_bucket": "iotequipo5.appspot.com"
  },
  "client": [
    {
      "client_info": {
        "mobilesdk_app_id": "1:655974184199:android:ac394b16a2573f3c2b01a2",
        "android_client_info": {
          "package_name": "com.nearby.androidthingse5"
        }
      },
      "oauth_client": [
        {
          "client_id": "655974184199-r05qe57j16u4klgfbivjhql6hfmf6tu3.apps.googleusercontent.com",
          "client_type": 1,
          "android_info": {
            "package_name": "com.nearby.androidthingse5",
            "certificate_hash": "5cb60ce60aa045a5a241340c1f17a8826e979fa0"
          }
        },
        {
          "client_id": "655974184199-ore20dmfhocovsi6f8cbaaonpgoh0ed3.apps.googleusercontent.com",
          "client_type": 3
        }
      ],
      "api_key": [
        {
          "current_key": "AIzaSyC28d32-GTrXBnys9C0o7rDgL6gI5SmOvE"
        }
      ],
      "services": {
        "appinvite_service": {
          "other_platform_oauth_client": [
            {
              "client_id": "655974184199-ore20dmfhocovsi6f8cbaaonpgoh0ed3.apps.googleusercontent.com",
              "client_type": 3
            }
          ]
        }
      }
    },
    {
      "client_info": {
        "mobilesdk_app_id": "1:655974184199:android:0243d2d1563407a82b01a2",
        "android_client_info": {
          "package_name": "es.upv.migui.neverapp"
        }
      },
      "oauth_client": [
        {
          "client_id": "655974184199-fc8qk30boifjnrlmi338dokthft14fcm.apps.googleusercontent.com",
          "client_type": 1,
          "android_info": {
            "package_name": "es.upv.migui.neverapp",
            "certificate_hash": "07c538a6dab089bd002c9362a302c6cfd940f52a"
          }
        },
        {
          "client_id": "655974184199-ore20dmfhocovsi6f8cbaaonpgoh0ed3.apps.googleusercontent.com",
          "client_type": 3
        }
      ],
      "api_key": [
        {
          "current_key": "AIzaSyC28d32-GTrXBnys9C0o7rDgL6gI5SmOvE"
        }
      ],
      "services": {
        "appinvite_service": {
          "other_platform_oauth_client": [
            {
              "client_id": "655974184199-ore20dmfhocovsi6f8cbaaonpgoh0ed3.apps.googleusercontent.com",
              "client_type": 3
            }
          ]
        }
      }
    }
  ],
  "configuration_version": "1"
}